Stasiun,PM25_Aktual,Prediksi_OK,Prediksi_CoKriging,Error_OK,Error_CoKriging,Absolute_Error_OK,Absolute_Error_CoKriging
Banqiao,20.25934746368183,21.274867828787315,21.444972978172984,-1.015520365105484,-1.1856255144911536,1.015520365105484,1.1856255144911536
Cailiao,15.857260920897284,17.034401095279314,17.07636149624323,-1.1771401743820302,-1.219100575345946,1.1771401743820302,1.219100575345946
Datong,17.37609329446064,18.241487361897946,18.294584352266416,-0.865394067437304,-0.9184910578057739,0.865394067437304,0.9184910578057739
Dayuan,20.53446033810143,18.76713840970768,19.14522359163024,1.7673219283937485,1.3892367464711874,1.7673219283937485,1.3892367464711874
Guanyin,19.043147208121827,18.98008793968419,19.29741096404237,0.06305926843763743,-0.25426375592054384,0.06305926843763743,0.25426375592054384
Guting,17.005253104106973,18.53436649590227,18.54211556273439,-1.5291133917952955,-1.536862458627418,1.5291133917952955,1.536862458627418
Keelung,18.109000725864988,18.71283832435449,18.504656369061475,-0.6038375984895019,-0.3956556431964877,0.6038375984895019,0.3956556431964877
Linkou,20.58210032479249,19.64727010467616,19.33401432117603,0.9348302201163285,1.2480860036164572,0.9348302201163285,1.2480860036164572
Longtan,20.839707078925954,18.57113263628964,18.976567931345723,2.2685744426363144,1.863139147580231,2.2685744426363144,1.863139147580231
Pingzhen,20.648482701617663,18.689241056180983,18.585133299266225,1.9592416454366806,2.063349402351438,1.9592416454366806,2.063349402351438
Sanchong,16.05049786628734,16.456848294034522,16.509608129168605,-0.40635042774718144,-0.4591102628812642,0.40635042774718144,0.4591102628812642
Shilin,17.60379699714605,15.474307400134643,15.7969233506612,2.129489597011405,1.8068736464848492,2.129489597011405,1.8068736464848492
Songshan,17.83325370281892,18.413126777267067,18.34792819988193,-0.5798730744481482,-0.5146744970630124,0.5798730744481482,0.5146744970630124
Tamsui,13.90353895305972,16.929436294999242,16.93585819508348,-3.0258973419395225,-3.0323192420237604,3.0258973419395225,3.0323192420237604
Taoyuan,20.8849441937782,18.986421444652343,20.047126935050944,1.8985227491258563,0.8378172587272559,1.8985227491258563,0.8378172587272559
Tucheng,23.153691195639293,20.32623846715863,20.13329895068417,2.827452728480665,3.020392244955122,2.827452728480665,3.020392244955122
Wanhua,18.898197987362508,17.84969162833446,17.656898358249798,1.0485063590280461,1.24129962911271,1.0485063590280461,1.24129962911271
Wanli,18.212453330121644,18.54824569063485,17.65380100985031,-0.3357923605132065,0.5586523202713352,0.3357923605132065,0.5586523202713352
Xindian,19.63694863694864,18.48022164286587,18.692267137234143,1.1567269940827707,0.9446814997144983,1.1567269940827707,0.9446814997144983
Xinzhuang,21.82521986869813,19.781276145965304,19.5594790974996,2.043943722732827,2.26574077119853,2.043943722732827,2.26574077119853
Xizhi,18.50985340062485,18.68551691244549,17.97042235052095,-0.1756635118206411,0.5394310501039001,0.1756635118206411,0.5394310501039001
Yangming,12.012839147286822,18.90120652871601,17.565438030412242,-6.8883673814291875,-5.55259888312542,6.8883673814291875,5.55259888312542
Yonghe,18.311787072243344,18.29907038419528,18.039973531418404,0.012716688048065805,0.27181354082494025,0.012716688048065805,0.27181354082494025
Zhongli,18.28947996183206,20.53100527763853,20.654433786462484,-2.24152531580647,-2.3649538246304225,2.24152531580647,2.3649538246304225
Zhongshan,19.18281210272057,17.531254563013622,17.568587359519842,1.6515575397069462,1.614224743200726,1.6515575397069462,1.614224743200726
