station,Aktual_PM25,Prediksi_CoKriging,Range_m,Error,Absolute_Error
Banqiao,20.25934746368183,21.444972978172984,9082.523434720277,-1.1856255144911536,1.1856255144911536
Cailiao,15.857260920897284,17.07636149624323,8745.215880854077,-1.219100575345946,1.219100575345946
Datong,17.37609329446064,18.294584352266416,9101.711048073219,-0.9184910578057739,0.9184910578057739
Dayuan,20.53446033810143,19.145223591630238,8768.229524364478,1.389236746471191,1.389236746471191
Guanyin,19.043147208121827,19.297410964042374,9174.666276559883,-0.2542637559205474,0.2542637559205474
Guting,17.005253104106973,18.54211556273439,9570.337266649858,-1.536862458627418,1.536862458627418
Keelung,18.109000725864988,18.504656369061475,9040.649856543285,-0.3956556431964877,0.3956556431964877
Linkou,20.58210032479249,19.33401432117603,8723.491024572464,1.2480860036164572,1.2480860036164572
Longtan,20.839707078925954,18.976567931345723,8672.529051682413,1.863139147580231,1.863139147580231
Pingzhen,20.648482701617663,18.585133299266225,9703.556095170272,2.063349402351438,2.063349402351438
Sanchong,16.05049786628734,16.509608129168605,8359.655368928115,-0.4591102628812642,0.4591102628812642
Shilin,17.60379699714605,15.7969233506612,9763.01363232378,1.8068736464848492,1.8068736464848492
Songshan,17.83325370281892,18.347928199881935,8763.20281432869,-0.5146744970630159,0.5146744970630159
Tamsui,13.90353895305972,16.93585819508348,7039.319582530459,-3.0323192420237604,3.0323192420237604
Taoyuan,20.8849441937782,20.047126935050944,8432.552810293615,0.8378172587272559,0.8378172587272559
Tucheng,23.153691195639293,20.13329895068417,8080.830363774321,3.020392244955122,3.020392244955122
Wanhua,18.898197987362508,17.656898358249798,9349.575180897904,1.24129962911271,1.24129962911271
Wanli,18.212453330121644,17.65380100985031,9167.397249489492,0.5586523202713352,0.5586523202713352
Xindian,19.63694863694864,18.692267137234143,8829.69283298278,0.9446814997144983,0.9446814997144983
Xinzhuang,21.82521986869813,19.559479097499597,8903.62104160094,2.2657407711985336,2.2657407711985336
Xizhi,18.50985340062485,17.97042235052095,8994.966532707336,0.5394310501039001,0.5394310501039001
Yangming,12.012839147286822,17.565438030412242,5926.9046352054265,-5.55259888312542,5.55259888312542
Yonghe,18.311787072243344,18.039973531418404,8701.682791993935,0.27181354082494025,0.27181354082494025
Zhongli,18.28947996183206,20.654433786462484,11032.538328416522,-2.3649538246304225,2.3649538246304225
Zhongshan,19.18281210272057,17.568587359519842,9987.28327227312,1.614224743200726,1.614224743200726
