station,Aktual_PM25,Prediksi_PM25,Error,Absolute_Error,Squared_Error
Banqiao,20.25934746368183,21.274867828787315,-1.015520365105484,1.015520365105484,1.0312816119439756
Cailiao,15.857260920897284,17.034401095279314,-1.1771401743820302,1.1771401743820302,1.3856589901441565
Datong,17.37609329446064,18.241487361897946,-0.865394067437304,0.865394067437304,0.7489068919556809
Dayuan,20.53446033810143,18.76713840970768,1.7673219283937485,1.7673219283937485,3.1234267985813977
Guanyin,19.043147208121827,18.98008793968419,0.06305926843763743,0.06305926843763743,0.003976471335890016
Guting,17.005253104106973,18.53436649590227,-1.5291133917952955,1.5291133917952955,2.3381877649677127
Keelung,18.109000725864988,18.71283832435449,-0.6038375984895019,0.6038375984895019,0.3646198453495689
Linkou,20.58210032479249,19.64727010467616,0.9348302201163285,0.9348302201163285,0.8739075404427433
Longtan,20.839707078925954,18.57113263628964,2.2685744426363144,2.2685744426363144,5.146430001782664
Pingzhen,20.648482701617663,18.689241056180983,1.9592416454366806,1.9592416454366806,3.8386278252134316
Sanchong,16.05049786628734,16.456848294034522,-0.40635042774718144,0.40635042774718144,0.16512067013031734
Shilin,17.60379699714605,15.474307400134643,2.129489597011405,2.129489597011405,4.534725943779796
Songshan,17.83325370281892,18.413126777267067,-0.5798730744481482,0.5798730744481482,0.3362527824699476
Tamsui,13.90353895305972,16.929436294999242,-3.0258973419395225,3.0258973419395225,9.156054723956668
Taoyuan,20.8849441937782,18.986421444652343,1.8985227491258563,1.8985227491258563,3.604388628948399
Tucheng,23.153691195639293,20.32623846715863,2.827452728480665,2.827452728480665,7.994488931792758
Wanhua,18.898197987362508,17.84969162833446,1.0485063590280461,1.0485063590280461,1.09936558492225
Wanli,18.212453330121644,18.548245690634854,-0.33579236051321004,0.33579236051321004,0.11275650937903363
Xindian,19.63694863694864,18.48022164286587,1.1567269940827707,1.1567269940827707,1.3380173388397623
Xinzhuang,21.82521986869813,19.781276145965304,2.043943722732827,2.043943722732827,4.177705941698927
Xizhi,18.50985340062485,18.68551691244549,-0.1756635118206411,0.1756635118206411,0.03085766938516052
Yangming,12.012839147286822,18.90120652871601,-6.8883673814291875,6.8883673814291875,47.4496051815376
Yonghe,18.311787072243344,18.299070384195282,0.012716688048062252,0.012716688048062252,0.00016171415491172934
Zhongli,18.28947996183206,20.53100527763853,-2.24152531580647,2.24152531580647,5.0244357414012955
Zhongshan,19.18281210272057,17.531254563013622,1.6515575397069462,1.6515575397069462,2.7276423069628613
