station,longitude,latitude,X,Y,PM25,PM10,jumlah_observasi
Banqiao,121.458667,25.012972,296293.303,2767292.715,20.25934746368183,44.2085020242915,8398
Cailiao,121.481028,25.06895,298528.2,2773500.941,15.857260920897284,38.679338842975206,8470
Datong,121.513311,25.0632,301787.522,2772876.013,17.37609329446064,53.306588921282795,8575
Dayuan,121.201811,25.060344,270360.868,2772476.59,20.53446033810143,46.988178271663315,8459
Guanyin,121.082761,25.035503,258351.495,2769712.502,19.043147208121827,50.850616388687456,8274
Guting,121.529556,25.020608,303444.953,2768164.608,17.005253104106973,45.33285577841452,8376
Keelung,121.760056,25.129167,326641.095,2780300.339,18.109000725864988,30.60283087345754,8266
Linkou,121.376869,25.077197,288017.529,2774381.081,20.582100324792492,42.2719836400818,8313
Longtan,121.21635,24.863869,271862.402,2750716.941,20.839707078925954,46.76949901197257,8603
Pingzhen,121.203986,24.952786,270598.236,2760563.541,20.648482701617663,47.058920769866575,8469
Sanchong,121.493806,25.072611,299815.84,2773911.1,16.05049786628734,55.78200568990043,8436
Shilin,121.515389,25.105417,301979.34,2777553.017,17.60379699714605,36.112172726144685,8059
Songshan,121.578611,25.05,308381.975,2771440.492,17.83325370281892,37.35905398948877,8372
Tamsui,121.449239,25.1645,295285.919,2784073.576,13.90353895305972,38.20312115999017,8138
Taoyuan,121.319964,24.994789,282298.635,2765238.491,20.8849441937782,39.489788648777015,8422
Tucheng,121.451861,24.982528,295617.601,2763918.308,23.153691195639293,40.33380732314255,8439
Wanhua,121.507972,25.046503,301255.809,2771024.529,18.898197987362508,37.52761525860051,8546
Wanli,121.689881,25.179667,319536.058,2785856.162,18.212453330121644,48.32337709261713,8303
Xindian,121.537778,24.977222,304293.829,2763362.229,19.636948636948638,34.22779922779923,8547
Xinzhuang,121.4325,25.037972,293643.389,2770053.136,21.82521986869813,38.690821256038646,8073
Xizhi,121.6423,25.067131,314799.364,2773367.037,18.50985340062485,36.68817591925018,8322
Yangming,121.529583,25.182722,303377.266,2786121.399,12.012839147286822,17.237766472868216,8256
Yonghe,121.516306,25.017,302109.208,2767759.806,18.311787072243344,36.66765684410647,8416
Zhongli,121.221667,24.953278,272383.556,2760620.834,18.28947996183206,54.69871183206107,8384
Zhongshan,121.526528,25.062361,303121.36,2772788.206,19.18281210272057,47.105898804983475,7866
